遊戲名稱,期別,開獎日期,銷售總額,銷售注數,總獎金,獎號1,獎號2,獎號3,獎號4,獎號5
39樂合彩,115000001,2026/01/01,31504350,1260174,13496500,15,16,18,29,36
39樂合彩,115000002,2026/01/02,29876225,1195049,14964375,17,18,25,36,39
39樂合彩,115000003,2026/01/03,34180500,1367220,31406625,22,23,31,32,38
39樂合彩,115000004,2026/01/05,36563600,1462544,11049625,10,16,18,34,39
39樂合彩,115000005,2026/01/06,30629650,1225186,24571875,1,2,6,11,33
39樂合彩,115000006,2026/01/07,33626900,1345076,20833750,5,10,14,15,28
39樂合彩,115000007,2026/01/08,32908075,1316323,24827375,3,8,10,21,30
39樂合彩,115000008,2026/01/09,32456700,1298268,15884500,1,12,14,22,34
39樂合彩,115000009,2026/01/10,36319950,1452798,18452625,11,25,26,34,38
39樂合彩,115000010,2026/01/12,36208525,1448341,20908000,3,13,18,24,30
39樂合彩,115000011,2026/01/13,31768975,1270759,22566750,6,16,17,19,31
39樂合彩,115000012,2026/01/14,34842750,1393710,11383750,1,2,16,33,35
39樂合彩,115000013,2026/01/15,33556350,1342254,12062000,1,2,3,19,36
39樂合彩,115000014,2026/01/16,31618850,1264754,17931125,18,19,22,27,29
39樂合彩,115000015,2026/01/17,35254650,1410186,19057125,2,10,11,24,37
39樂合彩,115000016,2026/01/19,34475700,1379028,14603500,12,16,23,24,29
39樂合彩,115000017,2026/01/20,30231250,1209250,10015625,16,19,23,25,34
39樂合彩,115000018,2026/01/21,32154375,1286175,17064250,4,15,23,27,38
39樂合彩,115000019,2026/01/22,30675325,1227013,15172375,3,6,11,30,34
39樂合彩,115000020,2026/01/23,30481275,1219251,14514250,3,11,12,21,31
39樂合彩,115000021,2026/01/24,32988100,1319524,15594000,6,7,15,35,37
39樂合彩,115000022,2026/01/26,33245400,1329816,9889750,6,15,23,26,30
39樂合彩,115000023,2026/01/27,28114950,1124598,19773875,5,17,18,23,32
39樂合彩,115000024,2026/01/28,32635200,1305408,20323125,10,11,23,24,29
39樂合彩,115000025,2026/01/29,32405025,1296201,15192000,6,11,28,36,37
39樂合彩,115000026,2026/01/30,31340125,1253605,9758125,16,17,29,30,36
39樂合彩,115000027,2026/01/31,33406525,1336261,12566125,5,12,16,21,32
39樂合彩,115000028,2026/02/02,34101875,1364075,18009750,6,8,31,37,38
39樂合彩,115000029,2026/02/03,31030975,1241239,23151375,3,5,11,15,23
39樂合彩,115000030,2026/02/04,34652275,1386091,21033250,8,17,22,27,28
39樂合彩,115000031,2026/02/05,35020875,1400835,21267750,8,9,13,32,35
39樂合彩,115000032,2026/02/06,33053150,1322126,12881000,1,6,29,32,34
39樂合彩,115000033,2026/02/07,35836450,1433458,9690500,3,8,22,27,32
39樂合彩,115000034,2026/02/09,35812025,1432481,16507000,16,21,25,31,35
39樂合彩,115000035,2026/02/10,33217350,1328694,19182875,10,11,17,22,36
39樂合彩,115000036,2026/02/11,37105675,1484227,22127500,11,15,18,29,33
39樂合彩,115000037,2026/02/12,35908100,1436324,19324750,1,12,21,35,37
39樂合彩,115000038,2026/02/13,36000325,1440013,15941000,4,28,31,33,34
39樂合彩,115000039,2026/02/14,35735850,1429434,18384875,1,3,13,31,36
39樂合彩,115000040,2026/02/15,28098125,1123925,11444500,11,13,18,22,34
39樂合彩,115000041,2026/02/16,33540100,1341604,12100125,5,7,15,18,34
39樂合彩,115000042,2026/02/17,33773575,1350943,22137500,6,8,11,20,21
39樂合彩,115000043,2026/02/18,34463775,1378551,19460625,8,10,12,32,33
39樂合彩,115000044,2026/02/19,35267625,1410705,16353000,8,15,19,25,27
39樂合彩,115000045,2026/02/20,35317275,1412691,26030375,4,11,22,23,27
39樂合彩,115000046,2026/02/21,37256850,1490274,12600375,1,8,19,20,25
39樂合彩,115000047,2026/02/22,31979400,1279176,12601750,8,13,16,24,25
39樂合彩,115000048,2026/02/23,34870200,1394808,16604875,3,10,12,27,36
39樂合彩,115000049,2026/02/24,34975050,1399002,13113875,16,23,25,32,36
39樂合彩,115000050,2026/02/25,34434775,1377391,17752125,5,22,28,35,36
39樂合彩,115000051,2026/02/26,34673125,1386925,28643750,3,6,9,31,39
39樂合彩,115000052,2026/02/27,32676650,1307066,17184000,1,22,23,37,39
39樂合彩,115000053,2026/02/28,32452525,1298101,28069750,2,4,13,26,27
39樂合彩,115000054,2026/03/01,27437400,1097496,12773000,2,8,15,29,31
39樂合彩,115000055,2026/03/02,31719425,1268777,20615250,3,12,20,21,27
39樂合彩,115000056,2026/03/03,32519675,1300787,8004375,2,19,21,32,35
39樂合彩,115000057,2026/03/04,33015150,1320606,18737250,4,8,12,16,17
39樂合彩,115000058,2026/03/05,34780250,1391210,15499875,1,4,8,12,36
39樂合彩,115000059,2026/03/06,33341600,1333664,13627625,19,24,29,32,34
39樂合彩,115000060,2026/03/07,35650650,1426026,12593000,15,17,18,34,36
39樂合彩,115000061,2026/03/09,35172400,1406896,17245625,7,12,15,32,38
39樂合彩,115000062,2026/03/10,32126825,1285073,27302750,11,12,14,17,32
39樂合彩,115000063,2026/03/11,36134800,1445392,16577500,5,15,26,37,38
39樂合彩,115000064,2026/03/12,34353900,1374156,17554125,4,5,7,23,35
39樂合彩,115000065,2026/03/13,32795725,1311829,22004375,2,5,11,12,15
39樂合彩,115000066,2026/03/14,35723700,1428948,33739250,8,10,18,20,34
39樂合彩,115000067,2026/03/16,37276125,1491045,22100000,17,19,21,29,34
39樂合彩,115000068,2026/03/17,32320200,1292808,27381125,11,13,19,22,27
39樂合彩,115000069,2026/03/18,36377675,1455107,17249250,21,22,31,32,35
39樂合彩,115000070,2026/03/19,34225900,1369036,24810125,5,23,25,30,37
39樂合彩,115000071,2026/03/20,34581300,1383252,33112250,3,11,15,33,39
39樂合彩,115000072,2026/03/21,36374925,1454997,15914000,7,14,15,19,22
39樂合彩,115000073,2026/03/23,36158550,1446342,18431875,7,12,24,29,35
39樂合彩,115000074,2026/03/24,32587050,1303482,21814375,10,20,28,29,36
39樂合彩,115000075,2026/03/25,34470475,1378819,17405250,3,13,31,33,36
39樂合彩,115000076,2026/03/26,33628350,1345134,14608750,14,17,20,24,37
39樂合彩,115000077,2026/03/27,30872675,1234907,15601125,8,18,24,34,35
39樂合彩,115000078,2026/03/28,33917850,1356714,43212250,6,9,11,16,17
39樂合彩,115000079,2026/03/30,35342025,1413681,13558125,6,8,20,22,32
39樂合彩,115000080,2026/03/31,31242400,1249696,12344625,9,16,23,35,39
39樂合彩,115000081,2026/04/01,33419525,1336781,22305500,3,10,11,13,23
39樂合彩,115000082,2026/04/02,34691150,1387646,14720500,1,9,13,18,21
39樂合彩,115000083,2026/04/03,31273050,1250922,14922375,6,8,9,25,35
39樂合彩,115000084,2026/04/04,31382900,1255316,15664000,4,17,25,31,36
39樂合彩,115000085,2026/04/06,34027875,1361115,19242500,7,11,17,31,34
39樂合彩,115000086,2026/04/07,29436775,1177471,19324125,4,8,21,27,29
39樂合彩,115000087,2026/04/08,34829425,1393177,17511375,2,4,5,6,29
39樂合彩,115000088,2026/04/09,32743775,1309751,12553750,2,15,25,31,38
39樂合彩,115000089,2026/04/10,32561750,1302470,10017000,9,21,25,27,30
39樂合彩,115000090,2026/04/11,34917300,1396692,27623500,7,12,17,24,31
39樂合彩,115000091,2026/04/13,35776500,1431060,13443250,18,30,31,37,38
39樂合彩,115000092,2026/04/14,30186575,1207463,18964625,9,14,27,29,33
39樂合彩,115000093,2026/04/15,33098250,1323930,11161125,2,9,11,29,30
39樂合彩,115000094,2026/04/16,32651525,1306061,26250375,6,8,12,21,30
39樂合彩,115000095,2026/04/17,32309575,1292383,21383125,1,2,7,16,26
39樂合彩,115000096,2026/04/18,34606450,1384258,12956500,7,25,26,29,31
39樂合彩,115000097,2026/04/20,33951825,1358073,33599250,3,4,5,20,36
39樂合彩,115000098,2026/04/21,30276075,1211043,11990625,1,6,14,26,28
39樂合彩,115000099,2026/04/22,32846475,1313859,24852875,5,7,24,38,39
39樂合彩,115000100,2026/04/23,31309525,1252381,24513750,2,10,17,25,35
39樂合彩,115000101,2026/04/24,29201400,1168056,13003625,16,21,25,29,34
39樂合彩,115000102,2026/04/25,32807800,1312312,18768500,3,20,21,22,33
39樂合彩,115000103,2026/04/27,33861225,1354449,37850750,8,18,20,23,27
39樂合彩,115000104,2026/04/28,31157825,1246313,14113000,7,8,21,35,38
39樂合彩,115000105,2026/04/29,32779450,1311178,21476125,2,6,22,32,36
39樂合彩,115000106,2026/04/30,33325475,1333019,14215500,6,15,27,30,31
39樂合彩,115000107,2026/05/01,31171250,1246850,14278250,2,3,14,16,20
39樂合彩,115000108,2026/05/02,33646350,1345854,27034125,8,9,17,25,38
39樂合彩,115000109,2026/05/04,33862575,1354503,13084250,8,22,26,36,39
39樂合彩,115000110,2026/05/05,29170075,1166803,19138500,8,16,24,27,37
39樂合彩,115000111,2026/05/06,35046825,1401873,27348375,4,10,11,34,39
39樂合彩,115000112,2026/05/07,34896525,1395861,21328875,1,6,18,25,36
39樂合彩,115000113,2026/05/08,33832425,1353297,30721250,18,19,23,26,28
39樂合彩,115000114,2026/05/09,36725600,1469024,16884000,11,18,21,22,25
39樂合彩,115000115,2026/05/11,36636600,1465464,16021000,2,13,21,36,37
39樂合彩,115000116,2026/05/12,31743825,1269753,20287500,1,4,12,22,26
39樂合彩,115000117,2026/05/13,33501200,1340048,24057375,2,6,7,9,23
39樂合彩,115000118,2026/05/14,32399050,1295962,19844375,8,18,28,35,39
39樂合彩,115000119,2026/05/15,32274825,1290993,15545000,1,13,23,25,36
39樂合彩,115000120,2026/05/16,34957550,1398302,18520250,2,11,28,32,33
39樂合彩,115000121,2026/05/18,34479600,1379184,13345125,8,15,20,32,33
39樂合彩,115000122,2026/05/19,29947950,1197918,12657000,4,6,24,31,32
39樂合彩,115000123,2026/05/20,32916225,1316649,15554625,1,20,21,23,35
39樂合彩,115000124,2026/05/21,32057325,1282293,26598125,9,25,28,34,36
39樂合彩,115000125,2026/05/22,31037425,1241497,16402125,4,8,15,16,37
39樂合彩,115000126,2026/05/23,33208975,1328359,12930375,6,15,16,24,38
39樂合彩,115000127,2026/05/25,32955725,1318229,16292000,5,6,12,36,37
39樂合彩,115000128,2026/05/26,28762850,1150514,23788125,2,7,11,14,37
39樂合彩,115000129,2026/05/27,32393925,1295757,16375125,2,3,18,19,21
39樂合彩,115000130,2026/05/28,30749800,1229992,17047750,6,9,12,19,31
39樂合彩,115000131,2026/05/29,29818500,1192740,10564750,12,15,20,34,35
39樂合彩,115000132,2026/05/30,31969900,1278796,15450125,2,3,4,13,39
39樂合彩,115000133,2026/06/01,32336600,1293464,16496000,5,14,19,20,28
39樂合彩,115000134,2026/06/02,28440925,1137637,22546500,7,12,22,26,30
39樂合彩,115000135,2026/06/03,31916175,1276647,41320125,2,8,17,25,38
39樂合彩,115000136,2026/06/04,29828500,1193140,15041750,2,8,24,29,35
39樂合彩,115000137,2026/06/05,29570175,1182807,17635125,7,21,26,27,31
39樂合彩,115000138,2026/06/06,34389950,1375598,13337875,13,27,30,37,38
39樂合彩,115000139,2026/06/08,31501300,1260052,34738375,8,14,17,18,28
39樂合彩,115000140,2026/06/09,27769525,1110781,15071125,10,17,20,25,28
39樂合彩,115000141,2026/06/10,33700300,1348012,30922000,1,4,32,35,39
39樂合彩,115000142,2026/06/11,32304450,1292178,12791750,8,15,20,29,31
39樂合彩,115000143,2026/06/12,29869800,1194792,13630875,6,8,18,29,31
39樂合彩,115000144,2026/06/13,33753300,1350132,22364125,4,5,6,34,36
39樂合彩,115000145,2026/06/15,31761275,1270451,17567625,12,16,24,28,36
39樂合彩,115000146,2026/06/16,29337475,1173499,20775000,5,17,23,25,29
39樂合彩,115000147,2026/06/17,33429625,1337185,15998250,8,10,15,16,37
39樂合彩,115000148,2026/06/18,32447100,1297884,23510750,9,20,27,28,30
39樂合彩,115000149,2026/06/19,29736150,1189446,18764250,1,5,7,13,25
39樂合彩,115000150,2026/06/20,33206475,1328259,21204625,4,11,24,25,31
39樂合彩,115000151,2026/06/22,45002750,1800110,24604500,1,7,28,29,34
39樂合彩,115000152,2026/06/23,40988150,1639526,28320250,2,14,25,29,36
39樂合彩,115000153,2026/06/24,43198700,1727948,59324250,3,17,21,32,33
39樂合彩,115000154,2026/06/25,41093425,1643737,17038000,6,13,21,29,34
39樂合彩,115000155,2026/06/26,39469425,1578777,32317250,8,10,14,26,36
39樂合彩,115000156,2026/06/27,43705725,1748229,18543000,4,14,21,31,32
39樂合彩,115000157,2026/06/29,44346575,1773863,26390500,11,15,30,34,36
39樂合彩,115000158,2026/06/30,40208225,1608329,25511000,3,11,23,26,37
39樂合彩,115000159,2026/07/01,43125300,1725012,22855750,1,3,12,14,34
39樂合彩,115000160,2026/07/02,41967875,1678715,26358750,1,6,8,13,30
39樂合彩,115000161,2026/07/03,41467050,1658682,37905750,7,11,31,36,37
39樂合彩,115000162,2026/07/04,44936725,1797469,19119750,2,10,15,31,37
39樂合彩,115000163,2026/07/06,45065775,1802631,35837250,1,10,12,14,38
39樂合彩,115000164,2026/07/07,41832775,1673311,40750750,9,21,24,27,34
39樂合彩,115000165,2026/07/08,44331575,1773263,21906000,1,11,23,30,34
39樂合彩,115000166,2026/07/09,44061125,1762445,54716250,18,22,28,35,37
39樂合彩,115000167,2026/07/10,43236450,1729458,27562250,5,13,15,21,26
39樂合彩,115000168,2026/07/11,38565100,1542604,24174000,10,25,27,35,38
39樂合彩,115000169,2026/07/13,35503950,1420158,15927375,3,4,5,34,35
39樂合彩,115000170,2026/07/14,31242675,1249707,21131000,1,6,13,15,37
39樂合彩,115000171,2026/07/15,35463450,1418538,17098125,6,16,19,21,30
39樂合彩,115000172,2026/07/16,33130000,1325200,12151750,13,25,28,30,31
39樂合彩,115000173,2026/07/17,30904600,1236184,14335875,10,12,28,29,35
39樂合彩,115000174,2026/07/18,34134475,1365379,21308500,18,29,33,34,37
39樂合彩,115000175,2026/07/20,33613100,1344524,13629125,10,12,13,20,24
39樂合彩,115000176,2026/07/21,29227475,1169099,14499625,12,19,27,37,39
39樂合彩,115000177,2026/07/22,31541000,1261640,15809250,3,14,19,21,31
39樂合彩,115000178,2026/07/23,31587575,1263503,10141625,12,14,19,25,26
39樂合彩,115000179,2026/07/24,29134850,1165394,22891000,5,17,27,29,36
39樂合彩,115000180,2026/07/25,32025500,1281020,25998625,8,12,16,23,39
39樂合彩,115000181,2026/07/27,31819675,1272787,20029750,7,16,19,24,32
39樂合彩,115000182,2026/07/28,28758600,1150344,16027625,5,8,13,23,31
39樂合彩,115000183,2026/07/29,31487100,1259484,11850625,5,14,32,33,36
39樂合彩,115000184,2026/07/30,30897300,1235892,16410000,4,7,8,16,38
39樂合彩,115000185,2026/07/31,30512125,1220485,24273375,1,9,12,25,26
39樂合彩,115000186,2026/08/01,33838925,1353557,58279500,6,11,18,22,29
39樂合彩,115000187,2026/08/03,35428825,1417153,31194000,7,21,23,28,35
39樂合彩,115000188,2026/08/04,32412900,1296516,15624250,9,32,35,37,39
39樂合彩,115000189,2026/08/05,34676325,1387053,16395750,2,4,22,25,29
39樂合彩,115000190,2026/08/06,34269200,1370768,11596000,3,9,16,24,35
39樂合彩,115000191,2026/08/07,32165825,1286633,30844625,6,11,12,13,19
39樂合彩,115000192,2026/08/08,36411525,1456461,10966375,5,11,24,31,32
39樂合彩,115000193,2026/08/10,35943325,1437733,28443625,1,7,16,23,35
39樂合彩,115000194,2026/08/11,33856350,1354254,13035250,7,17,19,23,30
39樂合彩,115000195,2026/08/12,34812850,1392514,15987625,7,12,17,20,32
39樂合彩,115000196,2026/08/13,33874925,1354997,16821375,5,11,12,17,18
39樂合彩,115000197,2026/08/14,32032275,1281291,20346125,7,19,21,25,34
39樂合彩,115000198,2026/08/15,34676025,1387041,20779875,12,14,21,35,37
39樂合彩,115000199,2026/08/17,34817425,1392697,26082625,19,22,27,28,38
39樂合彩,115000200,2026/08/18,31107850,1244314,17240375,5,6,10,28,39
39樂合彩,115000201,2026/08/19,31744975,1269799,10116000,2,6,7,32,38
39樂合彩,115000202,2026/08/20,31533950,1261358,11751500,4,14,27,32,34
39樂合彩,115000203,2026/08/21,28910800,1156432,16199750,11,12,18,20,29
39樂合彩,115000204,2026/08/22,31522225,1260889,15269750,9,10,29,30,34
39樂合彩,115000205,2026/08/24,30110025,1204401,14269125,9,10,19,23,26
39樂合彩,115000206,2026/08/25,27548200,1101928,15244375,8,21,23,30,35
39樂合彩,115000207,2026/08/26,32177700,1287108,9560125,13,19,23,35,38
39樂合彩,115000208,2026/08/27,30663950,1226558,23437875,2,3,7,25,33
39樂合彩,115000209,2026/08/28,29815275,1192611,16537125,2,4,9,12,36
39樂合彩,115000210,2026/08/29,31727050,1269082,11337500,3,6,17,23,33
39樂合彩,115000211,2026/08/31,31544725,1261789,15377500,5,10,12,33,39
39樂合彩,115000212,2026/09/01,27348475,1093939,10475500,2,4,22,30,38
39樂合彩,115000213,2026/09/02,31473625,1258945,22915875,7,8,13,16,18
39樂合彩,115000214,2026/09/03,29493850,1179754,11335500,18,19,22,23,34
39樂合彩,115000215,2026/09/04,29675600,1187024,26208500,2,4,15,17,24
39樂合彩,115000216,2026/09/05,34158450,1366338,21016875,3,8,10,28,38
39樂合彩,115000217,2026/09/07,34857300,1394292,20171750,19,25,26,31,35
39樂合彩,115000218,2026/09/08,30309000,1212360,12610875,3,7,25,29,30
39樂合彩,115000219,2026/09/09,32817575,1312703,27924375,5,6,8,28,29
39樂合彩,115000220,2026/09/10,34436425,1377457,16062500,4,14,30,35,38
39樂合彩,115000221,2026/09/11,32193250,1287730,27247750,12,15,23,25,27
39樂合彩,115000222,2026/09/12,35061000,1402440,12811000,6,17,24,25,30
39樂合彩,115000223,2026/09/14,33609425,1344377,26291375,1,15,32,34,39
39樂合彩,115000224,2026/09/15,30174400,1206976,16891500,4,12,23,26,31
39樂合彩,115000225,2026/09/16,33882375,1355295,30569375,7,8,12,13,19
39樂合彩,115000226,2026/09/17,33846250,1353850,17396500,2,8,11,12,34
39樂合彩,115000227,2026/09/18,31868300,1274732,11569250,2,3,6,24,34
39樂合彩,115000228,2026/09/19,34475325,1379013,16109625,2,17,27,29,35
39樂合彩,115000229,2026/09/21,34604825,1384193,25863625,4,20,22,30,38
39樂合彩,115000230,2026/09/22,30634250,1225370,13406500,8,13,20,31,34
39樂合彩,115000231,2026/09/23,33831375,1353255,16948750,8,10,14,16,30
39樂合彩,115000232,2026/09/24,34101425,1364057,18273875,5,8,18,19,30
39樂合彩,115000233,2026/09/25,30750900,1230036,14943000,6,15,20,30,33
39樂合彩,115000234,2026/09/26,33181875,1327275,7804125,17,18,30,34,39
39樂合彩,115000235,2026/09/28,32390500,1295620,19522500,13,19,21,27,32
39樂合彩,115000236,2026/09/29,29861700,1194468,12926875,6,13,17,26,28
39樂合彩,115000237,2026/09/30,33438425,1337537,21821000,2,7,9,14,33
